시간,동작,내용
2026-04-28 12:10:22,영상시작,카메라 연결
2026-04-28 12:10:26,캡처,capture_20260428_121026.png
2026-04-28 12:10:27,영상중지,카메라 연결 해제
2026-04-28 12:17:24,영상시작,카메라 연결
2026-04-28 12:17:26,캡처,capture_20260428_121726.png
2026-04-28 14:38:01,영상시작,카메라 연결
2026-04-28 14:38:10,영상중지,카메라 연결 해제
2026-04-28 14:38:10,영상시작,카메라 연결
2026-04-28 14:39:50,영상시작,카메라 연결
2026-04-28 14:40:01,캡처,capture_20260428_144001.png
2026-04-28 14:40:02,영상중지,카메라 연결 해제
2026-04-28 14:40:04,영상시작,카메라 연결
2026-04-28 14:46:23,영상시작,카메라 연결
2026-04-28 14:58:54,영상시작,카메라 연결
2026-04-28 14:59:09,영상중지,카메라 연결 해제
2026-04-28 15:02:06,영상시작,Integrated Camera
2026-04-28 15:02:30,영상중지,카메라 연결 해제
2026-04-28 15:02:37,영상중지,카메라 연결 해제
2026-04-28 15:04:07,영상중지,카메라 연결 해제
2026-04-28 15:04:25,영상중지,카메라 연결 해제
2026-04-28 15:09:12,영상중지,카메라 연결 해제
2026-04-28 15:11:51,영상시작,Integrated Camera
2026-04-28 15:12:02,캡처,captures\capture_20260428_151202.png
2026-04-28 15:12:34,영상중지,카메라 연결 해제
2026-04-28 15:17:09,영상시작,Integrated Camera
2026-04-28 15:17:11,영상중지,카메라 연결 해제
2026-04-28 15:17:12,영상중지,카메라 연결 해제
2026-04-28 15:22:28,영상시작,Integrated Camera
2026-04-28 15:22:31,영상중지,카메라 해제
2026-04-28 15:25:37,영상중지,카메라 해제
2026-04-28 15:27:40,영상중지,카메라 해제
2026-04-28 15:27:50,영상중지,카메라 해제
2026-04-28 15:36:57,영상중지,카메라 해제
2026-04-28 15:41:05,영상중지,카메라 해제
2026-04-28 15:42:02,영상중지,카메라 해제
2026-04-28 16:00:02,영상중지,카메라 해제
2026-04-28 16:02:53,영상중지,카메라 해제
2026-04-28 16:06:03,영상중지,카메라 해제
2026-04-28 16:06:58,영상중지,카메라 해제
2026-04-28 16:07:10,영상중지,카메라 해제
2026-04-28 16:07:20,영상중지,카메라 해제
2026-04-28 16:07:28,영상중지,카메라 해제
2026-04-28 16:07:37,영상중지,카메라 해제
2026-04-28 16:07:44,영상중지,카메라 해제
2026-04-28 16:08:00,영상중지,카메라 해제
2026-04-28 16:08:12,영상중지,카메라 해제
2026-04-28 16:08:20,영상중지,카메라 해제
2026-04-28 16:08:33,영상중지,카메라 해제
2026-04-28 16:08:41,영상중지,카메라 해제
2026-04-28 16:08:53,영상중지,카메라 해제
2026-04-28 16:09:02,영상중지,카메라 해제
2026-04-28 16:09:10,영상중지,카메라 해제
2026-04-28 16:09:18,영상중지,카메라 해제
2026-04-28 16:09:26,영상중지,카메라 해제
2026-04-28 16:09:35,영상중지,카메라 해제
2026-04-28 16:09:43,영상중지,카메라 해제
2026-04-28 16:10:00,영상중지,카메라 해제
2026-04-28 16:10:38,영상중지,카메라 해제
2026-04-28 16:11:17,영상중지,카메라 해제
2026-04-28 16:11:49,영상중지,카메라 해제
2026-04-28 16:19:20,영상중지,카메라 해제
2026-04-28 16:19:46,영상중지,카메라 해제
2026-04-28 16:19:59,영상시작,Integrated Camera
2026-04-28 16:20:00,영상중지,카메라 해제
2026-04-28 16:20:01,영상시작,Integrated Camera
2026-04-28 16:20:01,영상중지,카메라 해제
2026-04-28 16:20:01,영상시작,Integrated Camera
2026-04-28 16:20:01,영상중지,카메라 해제
2026-04-28 16:20:01,영상시작,Integrated Camera
2026-04-28 16:20:01,영상중지,카메라 해제
2026-04-28 16:20:02,영상시작,Integrated Camera
2026-04-28 16:20:02,영상중지,카메라 해제
2026-04-28 16:20:02,영상시작,Integrated Camera
2026-04-28 16:20:04,영상중지,카메라 해제
2026-04-28 16:20:07,영상중지,카메라 해제
2026-04-28 16:22:08,영상중지,카메라 해제
2026-04-28 16:22:27,영상중지,카메라 해제
2026-04-28 16:25:14,영상중지,카메라 해제
2026-04-28 16:26:18,영상중지,카메라 해제
2026-04-28 16:26:26,영상중지,카메라 해제
2026-04-28 16:30:12,영상중지,카메라 해제
2026-04-28 16:30:25,영상시작,Integrated Camera
2026-04-28 16:30:27,영상중지,카메라 해제
2026-04-28 16:30:29,영상중지,카메라 해제
2026-04-28 16:30:36,영상시작,Integrated Camera
2026-04-28 16:30:41,영상중지,카메라 해제
2026-04-28 16:30:43,영상중지,카메라 해제
2026-04-28 16:31:16,영상중지,카메라 해제
2026-04-28 16:32:25,영상중지,카메라 해제
2026-04-28 16:33:06,영상시작,Integrated Camera
2026-04-28 16:33:18,영상중지,카메라 해제
2026-04-28 16:33:20,영상중지,카메라 해제
2026-04-28 16:35:11,영상중지,카메라 해제
2026-04-28 16:35:40,영상중지,카메라 해제
2026-04-28 16:36:44,영상중지,카메라 해제
2026-04-28 16:37:36,영상중지,카메라 해제
2026-04-28 17:15:46,영상중지,카메라 해제
2026-04-28 17:20:30,영상중지,카메라 해제
2026-04-28 17:21:49,영상중지,카메라 해제
2026-04-28 17:24:00,영상중지,카메라 해제
2026-04-28 17:26:17,영상중지,카메라 해제
2026-04-28 17:27:43,영상중지,카메라 해제
2026-04-28 17:28:28,영상중지,카메라 해제
2026-04-28 17:30:26,영상중지,카메라 해제
2026-04-28 17:34:51,영상중지,카메라 해제
2026-04-28 17:35:21,영상중지,카메라 해제
2026-04-28 17:46:11,영상중지,카메라 해제
2026-04-28 17:51:58,영상중지,카메라 해제
2026-04-28 17:53:35,영상중지,카메라 해제
2026-04-28 17:57:09,영상중지,카메라 해제
2026-04-28 18:04:40,영상중지,카메라 해제
2026-04-28 18:05:53,영상중지,카메라 해제
2026-04-28 18:07:08,영상중지,카메라 해제
2026-04-28 18:09:03,영상중지,카메라 해제
2026-04-28 18:10:10,영상중지,카메라 해제
2026-04-28 18:10:23,영상중지,카메라 해제
2026-04-28 18:10:40,영상중지,카메라 해제
2026-04-28 18:13:37,영상중지,카메라 해제
2026-04-28 18:15:45,영상중지,카메라 해제
2026-04-28 18:17:23,영상중지,카메라 해제
2026-04-28 18:24:39,영상중지,카메라 해제
2026-04-28 18:25:23,영상중지,카메라 해제
2026-04-28 18:26:18,영상중지,카메라 해제
2026-04-28 18:26:58,영상중지,카메라 해제
2026-04-28 18:27:55,영상중지,카메라 해제
2026-04-28 18:28:47,영상중지,카메라 해제
2026-04-28 18:32:47,영상중지,카메라 해제
2026-04-28 18:33:07,영상중지,카메라 해제
2026-04-28 18:34:59,영상중지,카메라 해제
2026-04-28 19:10:51,영상중지,카메라 해제
2026-04-28 19:12:06,영상중지,카메라 해제
2026-04-28 19:13:11,영상중지,카메라 해제
2026-04-28 19:14:46,영상중지,카메라 해제
2026-04-28 19:16:22,영상중지,카메라 해제
2026-04-28 19:26:15,영상중지,카메라 해제
2026-04-28 19:27:32,영상중지,카메라 해제
2026-04-28 19:32:10,영상중지,카메라 해제
2026-04-28 19:34:57,영상중지,카메라 해제
2026-04-28 19:37:30,영상중지,카메라 해제
2026-04-28 19:41:41,영상중지,카메라 해제
2026-04-28 19:44:59,영상중지,카메라 해제
2026-04-28 19:45:18,영상중지,카메라 해제
2026-04-28 19:45:48,영상중지,카메라 해제
2026-04-28 19:46:31,영상중지,카메라 해제
2026-04-28 19:46:56,영상중지,카메라 해제
2026-04-28 19:47:10,영상중지,카메라 해제
2026-04-28 19:47:24,영상중지,카메라 해제
2026-04-28 19:47:50,영상중지,카메라 해제
2026-04-28 19:49:40,영상중지,카메라 해제
2026-04-28 19:49:50,영상중지,카메라 해제
2026-04-28 19:50:41,영상중지,카메라 해제
2026-04-28 20:04:11,영상중지,카메라 해제
2026-04-28 20:04:51,영상중지,카메라 해제
2026-04-28 20:10:37,영상중지,카메라 해제
2026-04-28 20:11:00,영상중지,카메라 해제
2026-04-28 20:12:40,영상중지,카메라 해제
2026-04-28 20:13:35,영상중지,카메라 해제
2026-04-28 20:14:05,영상중지,카메라 해제
2026-04-28 21:16:14,영상중지,카메라 해제
2026-04-28 21:16:40,영상중지,카메라 해제
2026-04-28 21:17:11,영상중지,카메라 해제
2026-04-28 21:17:44,영상중지,카메라 해제
2026-04-28 21:18:14,영상중지,카메라 해제
2026-04-28 21:59:50,영상중지,카메라 해제
2026-04-28 22:02:50,영상중지,카메라 해제
2026-04-28 22:03:12,영상중지,카메라 해제
2026-04-28 22:03:34,영상중지,카메라 해제
2026-04-28 22:05:32,영상중지,카메라 해제
2026-04-28 22:05:49,영상중지,카메라 해제
2026-04-28 22:07:28,영상중지,카메라 해제
2026-04-28 22:07:54,영상중지,카메라 해제
2026-04-28 22:09:06,영상중지,카메라 해제
2026-04-28 22:11:00,영상중지,카메라 해제
2026-04-29 10:19:21,영상시작,Integrated Camera
2026-04-29 10:19:29,영상중지,카메라 해제
2026-04-29 10:20:41,영상중지,카메라 해제
2026-04-29 10:29:05,영상중지,카메라 해제
2026-04-29 10:30:40,영상중지,카메라 해제
2026-04-29 10:31:44,영상중지,카메라 해제
2026-04-29 10:56:09,영상중지,카메라 해제
2026-04-29 10:59:22,영상시작,Integrated Camera
2026-04-29 10:59:22,영상중지,카메라 해제
2026-04-29 10:59:24,영상시작,Integrated Camera
2026-04-29 10:59:29,영상중지,카메라 해제
2026-04-29 10:59:30,영상중지,카메라 해제
2026-04-29 11:07:05,영상중지,카메라 해제
2026-04-29 11:07:49,영상중지,카메라 해제
2026-04-29 11:08:04,영상중지,카메라 해제
2026-04-29 11:08:19,영상중지,카메라 해제
2026-04-29 11:08:47,영상중지,카메라 해제
2026-04-29 11:09:39,영상중지,카메라 해제
2026-04-29 11:09:57,영상중지,카메라 해제
2026-04-29 11:11:04,영상중지,카메라 해제
2026-04-29 11:11:29,영상중지,카메라 해제
2026-04-29 11:12:10,영상중지,카메라 해제
2026-04-29 11:12:48,영상중지,카메라 해제
2026-04-29 11:14:11,영상중지,카메라 해제
2026-04-29 11:24:48,영상중지,카메라 해제
2026-04-29 11:26:16,영상중지,카메라 해제
2026-04-29 11:27:58,영상중지,카메라 해제
2026-04-29 11:32:12,영상시작,Integrated Camera
2026-04-29 11:32:20,영상중지,카메라 해제
2026-04-29 11:39:54,영상중지,카메라 해제
2026-04-29 11:40:10,영상중지,카메라 해제
2026-04-29 11:43:10,영상중지,카메라 해제
2026-04-29 11:44:45,영상중지,카메라 해제
2026-04-29 11:46:38,영상중지,카메라 해제
2026-04-29 11:46:59,영상중지,카메라 해제
2026-04-29 11:51:23,영상중지,카메라 해제
2026-04-29 11:55:43,영상중지,카메라 해제
2026-04-29 11:57:29,영상중지,카메라 해제
2026-04-29 12:03:54,영상중지,카메라 해제
2026-04-29 12:11:22,영상중지,카메라 해제
2026-04-29 12:11:46,영상중지,카메라 해제
2026-04-29 12:22:39,영상중지,카메라 해제
2026-04-29 12:24:29,영상중지,카메라 해제
2026-04-29 12:25:10,영상중지,카메라 해제
2026-04-29 12:27:01,영상중지,카메라 해제
2026-04-29 12:28:54,영상중지,카메라 해제
2026-04-29 12:31:49,영상중지,카메라 해제
2026-04-29 12:32:05,영상중지,카메라 해제
2026-04-29 14:16:18,영상중지,카메라 해제
2026-04-29 14:23:14,영상중지,카메라 해제
2026-04-29 14:24:31,영상중지,카메라 해제
2026-04-29 15:07:06,영상중지,카메라 해제
2026-04-29 15:14:28,영상시작,Integrated Camera
2026-04-29 15:21:44,영상중지,카메라 해제
2026-04-29 15:21:50,영상시작,Integrated Camera
2026-04-29 15:22:37,영상중지,카메라 해제
2026-04-29 15:36:16,영상중지,카메라 해제
2026-04-29 16:09:41,영상중지,카메라 해제
2026-04-29 22:03:30,영상중지,카메라 해제
2026-04-29 22:48:19,영상중지,카메라 해제
2026-04-30 10:45:39,영상중지,카메라 해제
2026-04-30 15:18:28,영상중지,카메라 해제
2026-04-30 15:29:15,영상시작,Integrated Camera
2026-04-30 15:29:18,캡처,captures\capture_20260430_152918.png
2026-04-30 15:29:22,영상중지,카메라 해제
2026-04-30 15:29:56,영상중지,카메라 해제
2026-04-30 15:45:00,영상중지,카메라 해제
2026-04-30 15:47:00,영상중지,카메라 해제
2026-04-30 15:47:53,영상중지,카메라 해제
2026-04-30 15:49:42,영상중지,카메라 해제
2026-04-30 15:52:25,영상중지,카메라 해제
2026-04-30 15:52:47,영상중지,카메라 해제
2026-04-30 15:53:12,영상중지,카메라 해제
2026-04-30 15:55:48,영상중지,카메라 해제
2026-04-30 15:57:40,영상중지,카메라 해제
2026-04-30 15:59:45,영상중지,카메라 해제
2026-04-30 16:03:02,영상중지,카메라 해제
2026-04-30 16:05:12,영상중지,카메라 해제
2026-04-30 20:59:18,영상중지,카메라 해제
